appid,name
10,Counter-Strike
20,Team Fortress Classic
30,Day of Defeat
40,Deathmatch Classic
50,Half-Life: Opposing Force
60,Ricochet
70,Half-Life
80,Counter-Strike: Condition Zero
130,Half-Life: Blue Shift
220,Half-Life 2
240,Counter-Strike: Source
280,Half-Life: Source
300,Day of Defeat: Source
340,Half-Life 2: Lost Coast
360,Half-Life Deathmatch: Source
380,Half-Life 2: Episode One
400,Portal
420,Half-Life 2: Episode Two
440,Team Fortress 2
500,Left 4 Dead
550,Left 4 Dead 2
570,Dota 2
620,Portal 2
630,Alien Swarm
730,Counter-Strike: Global Offensive
1250,Killing Floor
1840,Source Filmmaker
2100,Dark Messiah of Might & Magic
2280,DOOM + DOOM II
2310,Quake
2400,The Ship: Murder Party
2630,Call of Duty 2
3590,Plants vs. Zombies GOTY Edition
3830,Psychonauts
3900,Sid Meier's Civilization IV
3910,Sid Meier's Civilization III Complete
4000,Garry's Mod
4500,S.T.A.L.K.E.R.: Shadow of Chernobyl
4560,Company of Heroes - Legacy Edition
4570,"Warhammer 40,000: Dawn of War - Anniversary Edition"
4580,"Warhammer 40,000: Dawn of War - Dark Crusade"
4700,Total War: MEDIEVAL II – Definitive Edition
4760,Rome: Total War - Collection
4920,Natural Selection 2
6000,STAR WARS Republic Commando
6060,"STAR WARS Battlefront II (Classic, 2005)"
6850,Hitman 2: Silent Assassin
6860,Hitman: Blood Money
6880,Just Cause
6910,Deus Ex: Game of the Year Edition
7940,Call of Duty 4: Modern Warfare (2007)
8190,Just Cause 2
8230,Sam & Max 104: Abe Lincoln Must Die!
8500,EVE Online
8850,BioShock 2
8870,BioShock Infinite
8930,Sid Meier's Civilization V
8980,Borderlands Game of the Year
9010,Return to Castle Wolfenstein
9340,Company of Heroes: Opposing Fronts
9420,Supreme Commander: Forged Alliance
9450,"Warhammer 40,000: Dawn of War - Soulstorm"
9480,Saints Row 2
9900,Star Trek Online
10090,Call of Duty: World at War
10180,Call of Duty: Modern Warfare 2 (2009)
10500,Total War: EMPIRE – Definitive Edition
11020,TrackMania Nations Forever
12100,Grand Theft Auto III
12110,Grand Theft Auto: Vice City
12120,Grand Theft Auto: San Andreas
12200,Bully: Scholarship Edition
12210,Grand Theft Auto IV: The Complete Edition
12220,Grand Theft Auto: Episodes from Liberty City
12810,Overlord II
12900,AudioSurf
13520,Far Cry
15100,Assassin's Creed: Director's Cut Edition
15620,"Warhammer 40,000: Dawn of War II - Anniversary Edition"
15700,Oddworld: Abe's Oddysee
17300,Crysis
17390,SPORE
17410,Mirror's Edge
17460,Mass Effect (2007)
17470,Dead Space (2008)
17480,Command & Conquer: Red Alert 3
19680,Alice: Madness Returns
19900,Far Cry 2
20510,S.T.A.L.K.E.R.: Clear Sky
20570,"Warhammer 40,000: Dawn of War II Chaos Rising"
20900,The Witcher: Enhanced Edition Director's Cut
20920,The Witcher 2: Assassins of Kings Enhanced Edition
21100,F.E.A.R. 3
21110,F.E.A.R.
21120,F.E.A.R.
21690,Resident Evil 5
22320,The Elder Scrolls III: Morrowind Game of the Year Edition
22330,The Elder Scrolls IV: Oblivion Game of the Year Edition
22350,BRINK
22370,Fallout 3: Game of the Year Edition
22380,Fallout: New Vegas
24200,DC Universe Online
24240,PAYDAY The Heist
24740,Burnout Paradise: The Ultimate Box
24960,Battlefield: Bad Company 2
26800,Braid
32370,STAR WARS Knights of the Old Republic
32430,STAR WARS - The Force Unleashed Ultimate Sith Edition
32470,STAR WARS Empire at War - Gold Pack
32800,Lord of the Rings: War in the North
33230,Assassin's Creed 2
33930,Arma 2: Operation Arrowhead
34030,Total War: NAPOLEON – Definitive Edition
34270,SEGA Mega Drive and Genesis Classics
34330,Total War: SHOGUN 2
34440,Sid Meier's Civilization IV
34870,Sniper: Ghost Warrior 2
35140,Batman: Arkham Asylum Game of the Year Edition
35700,Trine Enchanted Edition
38400,Fallout: A Post Nuclear Role Playing Game
38410,Fallout 2: A Post Nuclear Role Playing Game
38420,Fallout Tactics: Brotherhood of Steel
39120,RIFT
39140,FINAL FANTASY VII
39210,FINAL FANTASY XIV Online
39500,Gothic 3
40100,Supreme Commander 2
40800,Super Meat Boy
40970,Stronghold Crusader HD
40990,Mafia
41000,Serious Sam HD: The First Encounter
41500,Torchlight
41700,S.T.A.L.K.E.R.: Call of Pripyat
42700,Call of Duty: Black Ops
42910,Magicka
47780,Dead Space 2
47810,Dragon Age: Origins - Ultimate Edition
47870,Need For Speed: Hot Pursuit
47890,The Sims 3
48000,LIMBO
48190,Assassin’s Creed Brotherhood
48700,Mount & Blade: Warband
49520,Borderlands 2
50130,Mafia II (Classic)
50300,Spec Ops: The Line
50620,Darksiders
55100,Homefront
55110,Red Faction: Armageddon
55150,"Warhammer 40,000: Space Marine - Anniversary Edition"
55230,Saints Row: The Third
56437,"Warhammer 40,000: Dawn of War II: Retribution"
63380,Sniper Elite V2
65790,ARMA: Cold War Assault
65930,The Bureau: XCOM Declassified
65980,Sid Meier's Civilization: Beyond Earth
67370,The Darkness II
70000,Dino D-Day
72850,The Elder Scrolls V: Skyrim
96000,The Tiny Bang Story
99900,Spiral Knights
102600,Orcs Must Die!
104900,ORION: Prelude
105450,Age of Empires III (2007)
105600,Terraria
107100,Bastion
107410,Arma 3
108600,Project Zomboid
108710,Alan Wake
108800,Crysis 2 - Maximum Edition
109600,Neverwinter
110800,L.A. Noire
113020,Monaco: What's Yours Is Mine
113200,The Binding of Isaac
113400,APB Reloaded
113420,Fallen Earth Free2Play
115300,Call of Duty: Modern Warfare 3 (2011)
200170,Worms Revolution
200210,Realm of the Mad God Exalt
200260,Batman: Arkham City - Game of the Year Edition
200510,XCOM: Enemy Unknown
200710,Torchlight II
201270,Total War: SHOGUN 2
201790,Orcs Must Die! 2
201810,Wolfenstein: The New Order
202170,Sleeping Dogs
202970,Call of Duty: Black Ops II
203140,Hitman: Absolution
203160,Tomb Raider
203290,America's Army: Proving Grounds
203770,Crusader Kings II
204100,Max Payne 3
204300,Awesomenauts - the 2D moba
204340,Serious Sam 2
204360,Castle Crashers
204450,Call of Juarez: Gunslinger
204880,Sins of a Solar Empire: Rebellion
205100,Dishonored
206210,Gotham City Impostors Free to Play
206420,Saints Row IV: Re-Elected
206440,To the Moon
206500,AirMech Strike
207140,SpeedRunners
207230,ArcheBlade
207610,The Walking Dead
208090,Loadout
208140,ENDLESS Space - Definitive Edition
208580,STAR WARS Knights of the Old Republic II - The Sith Lords
208650,Batman: Arkham Knight
209000,Batman: Arkham Origins
209080,Guns of Icarus Online
209160,Call of Duty: Ghosts
209670,Cortex Command
209870,Blacklight: Retribution
210770,Sanctum 2
210970,The Witness
211420,DARK SOULS: Prepare To Die Edition
211500,RaceRoom Racing Experience
211820,Starbound
212500,The Lord of the Rings Online
212680,FTL: Faster Than Light
212740,TERA - Action MMORPG
213670,South Park: The Stick of Truth
214420,Gear Up
214490,Alien: Isolation
214560,Mark of the Ninja
214950,Total War: ROME II - Emperor Edition
215080,WAKFU
215280,Secret World Legends
216150,MapleStory
218230,PlanetSide 2
218620,PAYDAY 2
219150,Hotline Miami
219640,Chivalry: Medieval Warfare
219740,Don't Starve
219990,Grim Dawn
220200,Kerbal Space Program
220240,Far Cry 3
220440,DmC: Devil May Cry
221040,Resident Evil 6
221100,DayZ
221380,Age of Empires II (Retired)
221910,The Stanley Parable
222880,Insurgency
223470,POSTAL 2
223710,Cry of Fear
223750,DCS World Steam Edition
223850,3DMark
224260,No More Room in Hell
224540,Ace of Spades: Battle Builder
224600,Defiance
224760,FEZ
225080,Brothers - A Tale of Two Sons
225260,Brutal Legend
225540,Just Cause 3
226840,Age of Wonders III
227300,Euro Truck Simulator 2
227940,Heroes & Generals
228200,Company of Heroes
228280,Baldur's Gate: Enhanced Edition
228380,Wreckfest
230230,Divinity: Original Sin (Classic)
230290,Universe Sandbox
230410,Warframe
231060,Ragnarok Online 2
231430,Company of Heroes 2
232050,Eador. Masters of the Broken World
232090,Killing Floor 2
232770,POSTAL
232890,Stronghold Crusader 2
233130,Shadow Warrior
233450,Prison Architect
233720,Surgeon Simulator
233860,Kenshi
234140,Mad Max
234630,Project CARS
234650,Shadowrun Returns
235460,METAL GEAR RISING: REVENGEANCE
235540,Warhammer: End Times - Vermintide
235600,Tom Clancy’s Splinter Cell Blacklist
236110,Dungeon Defenders II
236390,War Thunder
236850,Europa Universalis IV
236870,HITMAN
237310,Elsword
238090,Sniper Elite 3
238320,Outlast
238370,Magicka 2
238460,BattleBlock Theater
238960,Path of Exile
239030,"Papers, Please"
239140,Dying Light
239160,Thief
239820,Game Dev Tycoon
240720,Getting Over It with Bennett Foddy
241600,Rogue Legacy
241930,Middle-earth: Shadow of Mordor
242050,Assassin’s Creed IV Black Flag
242640,Styx: Master of Shadows
242700,Injustice: Gods Among Us Ultimate Edition
242720,GunZ 2: The Second Duel
242760,The Forest
242860,Verdun
242920,Banished
244210,Assetto Corsa
244450,Men of War: Assault Squad 2
244850,Space Engineers
245170,Skullgirls 2nd Encore
245620,Tropico 5
246620,Plague Inc: Evolved
247080,Crypt of the NecroDancer
248570,Toribash
249130,LEGO Marvel Super Heroes
250400,How to Survive
250900,The Binding of Isaac: Rebirth
251060,Wargame: Red Dragon
251570,7 Days to Die
252130,Divide By Sheep
252490,Rust
252950,Rocket League
253710,theHunter Classic
253900,Knights and Merchants
254700,Resident Evil 4 (2005)
255710,Cities: Skylines
257350,Baldur's Gate II: Enhanced Edition
257420,Serious Sam 4
257510,The Talos Principle
261110,Killer is Dead - Nightmare Edition
261550,Mount & Blade II: Bannerlord
261570,Ori and the Blind Forest
261640,Borderlands: The Pre-Sequel
262060,Darkest Dungeon
262280,Dungeons 2
262410,World of Guns: Gun Disassembly
263500,Dragons and Titans
264710,Subnautica
265210,Viscera Cleanup Detail: Santa's Rampage
265550,Dead Rising 3 Apocalypse Edition
265590,The Red Solstice
265630,Fistful of Frags
265930,Goat Simulator
266840,Age of Mythology: Extended Edition
268050,The Evil Within
268420,Aura Kingdom
268500,XCOM 2
268910,Cuphead
269210,Hero Siege
270150,RUNNING WITH RIFLES
270880,American Truck Simulator
271590,Grand Theft Auto V
272060,Serena
273110,Counter-Strike Nexon: Studio
273350,Evolve Stage 2
274170,Hotline Miami 2: Wrong Number
274190,Broforce
274520,Darkwood
274940,Depth
275850,No Man's Sky
278080,DYNASTY WARRIORS 8: Xtreme Legends Complete Edition
278360,A Story About My Uncle
279720,The I of the Dragon
280790,Creativerse
281990,Stellaris
282070,This War of Mine
282140,SOMA
282440,Quake Live
284160,BeamNG.drive
285190,"Warhammer 40,000: Dawn of War III"
285800,Braveland
285900,Gang Beasts
286160,Tabletop Simulator
286570,F1 2015
286690,Metro 2033 Redux
286940,S.K.I.L.L. - Special Force 2 (Shooter)
287290,Resident Evil Revelations 2
287390,Metro: Last Light Redux
287450,Rise of Nations: Extended Edition
287700,METAL GEAR SOLID V: THE PHANTOM PAIN
289070,Sid Meier’s Civilization VI
289130,ENDLESS Legend
289650,Assassin's Creed Unity
291480,Warface
291550,Brawlhalla
291650,Pillars of Eternity
292030,The Witcher 3: Wild Hunt
292730,Call of Duty: Infinite Warfare
292910,Deponia: The Complete Journey
293540,Guns and Robots
294100,RimWorld
295110,Just Survive
297000,Heroes of Might & Magic III - HD Edition
298110,Far Cry 4
298240,War Trigger 3
298630,The Escapists
299360,Block N Load
299460,Woodle Tree Adventures
301520,Robocraft
301640,Zombie Army Trilogy
302670,Call to Arms
302830,BLOCKADE 3D
303390,Dead Bits
304030,ArcheAge
304050,Trove
304240,Resident Evil
304390,FOR HONOR
304430,INSIDE
304670,Aeon Command
304930,Unturned
305620,The Long Dark
306130,The Elder Scrolls Online
307690,Sleeping Dogs: Definitive Edition
307780,Mortal Kombat X
308600,Gene Shift Auto
310560,DiRT Rally
310950,Street Fighter V
311210,Call of Duty: Black Ops III
311240,Zero Escape: Zero Time Dilemma
311340,METAL GEAR SOLID V: GROUND ZEROES
311560,Assassin’s Creed Rogue
311690,Enter the Gungeon
311860,Data Hacker: Initiation
312520,Rain World
312530,Duck Game
312660,Sniper Elite 4
312990,The Expendabros
313120,Stranded Deep
314160,Microsoft Flight Simulator X: Steam Edition
316010,Magic Duels
317360,Double Action: Boogaloo
319510,Five Nights at Freddy's
319630,Life is Strange - Episode 1
319830,AX:EL - Air XenoDawn
322170,Geometry Dash
322330,Don't Starve Together
322500,SUPERHOT
323190,Frostpunk
323580,Jotun: Valhalla Edition
323850,Move or Die
324800,Shadow Warrior 2
325610,Total War: ATTILA
327690,Gigantic
330020,Children of Morta
331470,Everlasting Summer
332950,Dark Deception
333930,Dirty Bomb
334230,Town of Salem
335240,Transformice
335300,DARK SOULS II: Scholar of the First Sin
337000,Deus Ex: Mankind Divided
337320,Paint the Town Red
339280,Strife
339610,Freestyle 2: Street Basketball
342200,MechWarrior Online Solaris 7
343710,Kholat
346010,Besiege
346110,ARK: Survival Evolved
346900,AdVenture Capitalist
349040,NARUTO SHIPPUDEN: Ultimate Ninja STORM 4
349700,Romero's Aftermath
350640,Sherlock Holmes: The Devil's Daughter
351940,The Descendant
355180,Codename CURE
355840,Survarium
356190,Middle-earth: Shadow of War
359320,Elite Dangerous
359550,Tom Clancy's Rainbow Six Siege
360430,Mafia III: Definitive Edition
360970,Heaven Forest NIGHTS
361280,Turmoil
361420,ASTRONEER
362890,Black Mesa
363970,Clicker Heroes
364360,Total War: WARHAMMER
364470,The Elder Scrolls: Legends
365450,Hacknet
365590,Tom Clancy’s The Division
365670,Blender
367500,Dragon's Dogma: Dark Arisen
367520,Hollow Knight
368230,Kingdom: Classic
368260,Marvel's Midnight Suns
368500,Assassin's Creed Syndicate
370910,Kathy Rain
372000,Tree of Savior (English Ver.)
373420,Divinity: Original Sin - Enhanced Edition
374040,Portal Knights
374320,DARK SOULS III
376210,The Isle
377160,Fallout 4
377300,Thunder Tier One
378540,The Surge
378860,Project CARS 2
379430,Kingdom Come: Deliverance
379720,DOOM
380600,Fishing Planet
381210,Dead by Daylight
383080,Sakura Clicker
383150,Dead Island Definitive Edition
383870,Firewatch
386180,Crossout
386360,SMITE
386940,Ultimate Chicken Horse
387290,Ori and the Blind Forest: Definitive Edition
387990,Scrap Mechanic
388410,Darksiders II Deathinitive Edition
389430,Knight Online
389570,Mitos.is: The Game
389730,TEKKEN 7
391220,Rise of the Tomb Raider
391460,WARMODE
391540,Undertale
391720,Layers of Fear (2016)
392110,ENDLESS Space 2
392160,X4: Foundations
393380,Squad
394360,Hearts of Iron IV
394510,HELLDIVERS Dive Harder Edition
395170,DISTRAINT: Deluxe Edition
397540,Borderlands 3
397900,Business Tour - Board Game with Online Multiplayer
403640,Dishonored 2
407530,ARK: Survival Of The Fittest
409710,BioShock Remastered
409720,BioShock 2 Remastered
412020,Metro Exodus
412220,DDraceNetwork
413150,Stardew Valley
414340,Hellblade: Senua's Sacrifice
414700,Outlast 2
417860,Emily is Away
417910,Street Warriors Online
418070,Turbo Pug
418240,Shadow Tactics: Blades of the Shogun
418370,Resident Evil 7 Biohazard
418460,Rising Storm 2: Vietnam
424280,Iron Snout
424370,Wolcen: Lords of Mayhem
424840,Little Nightmares
427270,Orcs Must Die! Unchained
427520,Factorio
427730,Who's Your Daddy?!
429470,Space Pilgrim Episode I: Alpha Centauri
431240,Golf With Your Friends
431730,Aseprite
431960,Wallpaper Engine
433340,Slime Rancher
433850,Z1 Battle Royale
434650,Lost Castle / 失落城堡
435150,Divinity: Original Sin 2 - Definitive Edition
436150,Governor of Poker 3
436520,Line of Sight
437220,The Culling
437900,Party Jousting
437920,Tricky Towers
438040,Shakes and Fidget
438100,VRChat
438740,Friday the 13th: The Game
439190,Stories: The Path of Destinies
439700,Z1 Battle Royale: Test Server
440900,Conan Exiles
442080,Riders of Icarus
444090,Paladins
444200,World of Tanks Blitz
444640,Bloons TD Battles
445980,Wizard of Legend
446800,Transport Fever
447020,Farming Simulator 17
447040,Watch_Dogs 2
447820,Day of Infamy
448510,Overcooked
450390,The Lab
450540,"Hot Dogs, Horseshoes & Hand Grenades"
453480,Shadowverse CCG
454650,DRAGON BALL XENOVERSE 2
457140,Oxygen Not Included
457330,High Octane Drift
460790,Bayonetta
460920,Steep
460930,Tom Clancy's Ghost Recon Wildlands
460950,Katana ZERO
462780,Darksiders Warmastered Edition
464920,Surviving Mars
466240,Deceit
466560,Northgard
470220,UNO
471710,Rec Room
474960,Quantum Break
475150,Titan Quest Anniversary Edition
475550,Beholder
476480,Heaven Forest - VR MMO
476600,Call of Duty: WWII
477160,Human Fall Flat
480490,Prey
482730,Football Manager 2017
485510,Nioh: Complete Edition
488790,South Park: The Fractured But Whole
489830,The Elder Scrolls V: Skyrim Special Edition
490220,Prismata
491950,Orwell: Keeping an Eye On You
492720,Tropico 6
493340,Planet Coaster
493520,GTFO
495420,State of Decay 2: Juggernaut Edition
502500,ACE COMBAT 7: SKIES UNKNOWN
504230,Celeste
504370,Battlerite
506540,Last Man Standing
508440,Totally Accurate Battle Simulator
509980,BIGFOOT
511470,Glass Masquerade
512900,Streets of Rogue
513710,SCUM
515690,Warriors of Vilvatikta
516750,My Summer Car
517630,Just Cause 4 Reloaded
518790,theHunter: Call of the Wild
519860,DUSK
524220,NieR:Automata
526870,Satisfactory
527230,For The King
527430,"Warhammer 40,000: Inquisitor - Martyr"
529340,Victoria 3
530700,Argo
532210,Life is Strange 2
534380,Dying Light 2 Stay Human: Reloaded Edition
535930,Two Point Hospital
537180,Digimon Masters Online
544730,Catan Universe
544750,SOULCALIBUR VI
544810,KARDS - The WWII Card Game
546560,Half-Life: Alyx
548430,Deep Rock Galactic
550650,Black Squad
550900,Metin2
552100,Brick Rigs
552500,Warhammer: Vermintide 2
552520,Far Cry 5
552990,World of Warships
553850,HELLDIVERS 2
554620,Life is Strange: Before the Storm
555160,Pavlov
555570,Infestation: The New Z
558100,Art of War: Red Tides
560130,Pillars of Eternity II: Deadfire
563560,Alien Swarm: Reactive Drop
568220,Lobotomy Corporation | Monster Management Simulation
569480,Kingdoms and Castles
570940,DARK SOULS: REMASTERED
578080,PUBG: BATTLEGROUNDS
581320,Insurgency: Sandstorm
582010,Monster Hunter: World
582160,Assassin's Creed Origins
582500,We Were Here
582660,Black Desert
583950,Artifact
585690,Minimalism
588430,Fallout Shelter
588650,Dead Cells
590380,Into the Breach
594570,Total War: WARHAMMER II
594650,Hunt: Showdown 1896
599140,Graveyard Keeper
601150,Devil May Cry 5
601430,The Evil Within 2
601510,Yu-Gi-Oh! Duel Links
602960,Barotrauma
603850,Age of History II
606150,Moonlighter
606280,Darksiders III
611500,Quake Champions
612880,Wolfenstein II: The New Colossus
613010,Secret in Story
613100,House Flipper
617290,Remnant: From the Ashes
620980,Beat Saber
621060,PC Building Simulator
622650,Bendy and the Ink Machine
627690,Idle Champions of the Forgotten Realms
629520,Soundpad
629730,Blade and Sorcery
629760,MORDHAU
630100,SoulWorker - Anime Action MMO
632360,Risk of Rain 2
632470,Disco Elysium - The Final Cut
633230,NARUTO TO BORUTO: SHINOBI STRIKER
635260,CarX Drift Racing Online
636480,Ravenfield
637090,BATTLETECH
637650,FINAL FANTASY XV WINDOWS EDITION
638070,Murderous Pursuits
638970,Yakuza 0
640820,Pathfinder: Kingmaker — Enhanced Plus Edition
641990,The Escapists 2
644560,Mirror
644930,They Are Billions
645630,Car Mechanic Simulator 2018
646570,Slay the Spire
646910,The Crew 2
648350,Jurassic World Evolution
648800,Raft
654880,Dream Daddy: A Dad Dating Simulator
657200,Hand Simulator
668580,Atomic Heart
671860,BattleBit Remastered
673950,Farm Together
674020,World War 3
674940,Stick Fight: The Game
675010,MudRunner
677620,Splitgate: Arena Warfare
678950,DRAGON BALL FighterZ
678960,CODE VEIN
680420,OUTRIDERS
681660,Bless Online
683320,GRIS
686810,Hell Let Loose
690790,DiRT Rally 2.0
692850,Bloodstained: Ritual of the Night
698780,Doki Doki Literature Club!
700330,SCP: Secret Laboratory
701160,Kingdom Two Crowns
703080,Planet Zoo
704850,Thief Simulator
706990,BLOCKPOST
723780,Modern Combat Versus
728880,Overcooked! 2
736220,Squad 44
736590,Operation: Harsh Doorstop
738060,Freddy Fazbear's Pizzeria Simulator
739630,Phasmophobia
740130,Tales of Arise
744900,Dead Frontier 2
747660,Five Nights at Freddy's: Security Breach
752590,A Plague Tale: Innocence
753640,Outer Wilds
755790,Ring of Elysium
761890,Albion Online
766570,Russian Fishing 4
767560,War Robots
774171,Muse Dash
774361,Blasphemous
774861,Project Winter
779340,Total War: THREE KINGDOMS
780310,The Riftbreaker
782330,DOOM Eternal
783770,Ironsight
787860,Farming Simulator 19
788100,Neon Abyss
805550,Assetto Corsa Competizione
809960,Radical Heights
812140,Assassin's Creed Odyssey
813630,Supraland
813780,Age of Empires II: Definitive Edition
813820,Realm Royale
814380,Sekiro: Shadows Die Twice - GOTY Edition
815370,Green Hell
823130,Totally Accurate Battlegrounds
823500,BONEWORKS
834910,ATLAS
837470,Untitled Goose Game
838350,太吾绘卷 The Scroll Of Taiwu
841370,NBA 2K19
843380,Super Animal Royale
844870,KurtzPel
845070,The Awesome Adventures of Captain Spirit
848450,Subnautica: Below Zero
851850,DRAGON BALL Z: KAKAROT
858820,Tribes of Midgard
863550,HITMAN 2
868270,The Cycle
870780,Control Ultimate Edition
871720,Ultimate Custom Night
872790,Football Manager 2019
880940,Pummel Party
881020,Granblue Fantasy: Relink
881100,Noita
883710,Resident Evil 2
884660,CRSED: F.O.A.D.
892970,Valheim
893520,Creative Destruction
899440,GOD EATER 3
899770,Last Epoch
900883,The Elder Scrolls IV: Oblivion Game of the Year Edition Deluxe
901583,Grand Theft Auto IV: Complete Edition
905370,Conqueror's Blade
918570,Century: Age of Ashes
920210,LEGO Star Wars: The Skywalker Saga
921060,Modern Combat 5
921630,音灵 INVAXION
924970,Back 4 Blood
933110,Age of Empires III: Definitive Edition
939960,Far Cry New Dawn
942970,Unheard - Voices of Crime
945360,Among Us
949230,Cities: Skylines II
952060,Resident Evil 3
955050,Bright Memory
960090,Bloons TD 6
961200,Predecessor
962130,Grounded
967050,Pacify
975370,Dwarf Fortress
976310,Mortal Kombat 11
976730,Halo: The Master Chief Collection
977400,Cell to Singularity - Evolution Never Ends
977950,A Dance of Fire and Ice
979690,The Ascent
990080,Hogwarts Legacy
992300,嗜血印 Bloody Spell
1016920,Unrailed!
1017180,The Long Drive
1029690,Sniper Elite 5
1030830,Mafia II: Definitive Edition
1030840,Mafia: Definitive Edition
1046930,Dota Underlords
1049410,Superliminal
1049590,Eternal Return: Black Survival
1056640,Phantasy Star Online 2
1056960,Wolfenstein: Youngblood
1057090,Ori and the Will of the Wisps
1057240,Crucible Beta
1061910,Metal: Hellsinger
1063730,New World: Aeternum
1085660,Destiny 2
1086940,Baldur's Gate 3
1089090,ONE PIECE: PIRATE WARRIORS 4
1089350,NBA 2K20
1089980,The Henry Stickmin Collection
1091500,Cyberpunk 2077
1092790,Inscryption
1094520,Sands of Salzaar
1097150,Fall Guys: Ultimate Knockout
1100600,Football Manager 2020
1113000,Persona 4 Golden
1116170,CyberCorp
1118200,People Playground
1128810,RISK: Global Domination
1129580,Medieval Dynasty
1139900,Ghostrunner
1142710,Total War: WARHAMMER III
1144200,Ready or Not
1145350,Hades II
1145360,Hades
1147550,Not For Broadcast
1147560,Skul: The Hero Slayer
1150690,OMORI
1151340,Fallout 76
1151640,Horizon Zero Dawn Complete Edition
1158310,Crusader Kings III
1167630,Teardown
1172380,STAR WARS Jedi: Fallen Order
1172470,Apex Legends
1172620,Sea of Thieves: 2024 Edition
1174180,Red Dead Redemption 2
1178830,Bright Memory: Infinite
1180380,Stay Out
1184370,Pathfinder: Wrath of the Righteous - Enhanced Edition
1190000,Car Mechanic Simulator 2021
1196590,Resident Evil Village
1203220,NARAKA: BLADEPOINT
1203620,Enshrouded
1211020,Wobbly Life
1213210,Command & Conquer Remastered Collection
1217060,Gunfire Reborn
1222140,Detroit: Become Human
1222670,The Sims 4
1222680,Need for Speed Heat
1222700,A Way Out
1225330,NBA 2K21
1229490,ULTRAKILL
1237950,STAR WARS Battlefront II
1237970,Titanfall 2
1238000,Mass Effect: Andromeda Deluxe Edition
1238810,Battlefield V
1238820,Battlefield 3
1238840,Battlefield 1
1240440,Halo Infinite
1241100,POLYGON: Multiplayer Shooter
1245620,ELDEN RING
1248130,Farming Simulator 22
1250410,Microsoft Flight Simulator 40th Anniversary Edition
1254120,Bless Unleashed
1259420,Days Gone
1259970,eFootball PES 2021 SEASON UPDATE
1260320,Party Animals
1262350,SIGNALIS
1262580,Need for Speed Payback
1263850,Football Manager 2021
1266680,Strobophagia | Rave Horror
1272080,PAYDAY 3
1274570,DEVOUR
1277400,Monster Hunter Stories 2: Wings of Ruin
1282100,REMNANT II
1282730,Loop Hero
1284210,Guild Wars 2
1284410,GWENT: The Witcher Card Game
1286680,Tiny Tina's Wonderlands
1286830,STAR WARS: The Old Republic
1289310,Helltaker
1290000,PowerWash Simulator
1292630,3on3 FreeStyle: Rebound
1293830,Forza Horizon 4
1296830,暖雪 Warm Snow
1301720,Escape Room - Der kranke Kollege
1304930,The Outlast Trials
1307550,Craftopia
1313140,Cult of the Lamb
1313860,EA SPORTS FIFA 21
1326470,Sons Of The Forest
1332010,Stray
1335200,Action Taimanin
1343370,Old School RuneScape
1343400,RuneScape 
1353950,Ring of Fire: Prologue
1361210,"Warhammer 40,000: Darktide"
1363080,Manor Lords
1364780,Street Fighter 6
1366540,Dyson Sphere Program
1366800,Crosshair X
1371980,No Rest for the Wicked
1372880,The Day Before
1377580,Soulworker
1380400,Saving Grace
1384160,GUILTY GEAR -STRIVE-
1388770,Cruelty Squad
1399780,Spellbreak
1404210,Red Dead Online
1407200,World of Tanks
1408720,Krunker
1426210,It Takes Two
1446780,MONSTER HUNTER RISE
1454400,Cookie Clicker
1466640,Road 96 
1466860,Age of Empires IV: Anniversary Edition
1468810,鬼谷八荒 Tale of Immortal
1475810,Ghostwire: Tokyo
1476970,Legends of IdleOn - Idle MMO
1483870,Draw & Guess
1501750,Lords of the Fallen
1506830,FIFA 22
1509960,PICO PARK
1515950,Capcom Arcade Stadium
1517290,Battlefield 2042
1520470,封灵档案
1522820,Orcs Must Die! 3
1533390,Gorilla Tag
1536610,OpenTTD
1549970,Aliens: Fireteam Elite
1551360,Forza Horizon 5
1557740,ROUNDS
1562430,DREDGE
1569040,Football Manager 2022
1593500,God of War
1599340,Lost Ark
1604030,V Rising
1611910,"Warhammer 40,000: Chaos Gate - Daemonhunters"
1619450,Heart of a Warrior
1621690,Core Keeper
1623730,Palworld
1627140,Sabre Team
1637320,Dome Keeper
1659040,HITMAN World of Assassination
1676130,Deadlink
1677740,Stumble Guys
1687950,Persona 5 Royal
1716740,Starfield
1721470,Poppy Playtime
1755910,Capcom Arcade 2nd Stadium
1794680,Vampire Survivors
1811260,EA SPORTS FIFA 23
1817070,Marvel’s Spider-Man Remastered
1818750,MultiVersus
1824220,Chivalry 2
1832640,Mirror 2: Project X
1868140,DAVE THE DIVER
1888160,ARMORED CORE VI FIRES OF RUBICON
1904540,Football Manager 2023
1929610,Demonologist
1938090,Call of Duty: Modern Warfare II
1942280,Brotato
1943950,Escape the Backrooms
1966720,Lethal Company
1987080,Inside the Backrooms
2050650,Resident Evil 4
2054970,Dragon's Dogma 2
2096600,Crysis 2 Remastered
2183900,"Warhammer 40,000: Space Marine 2"
2186680,"Warhammer 40,000: Rogue Trader"
2195250,EA SPORTS FC 24
2215430,Ghost of Tsushima DIRECTOR'S CUT
2231450,Pizza Tower
2322010,God of War Ragnarök
2322560,Love Is All Around
2344520,Diablo IV
2358720,Black Myth: Wukong
2379780,Balatro
2399830,ARK: Survival Ascended
2479810,Gray Zone Warfare
2567870,Chained Together
2670630,Supermarket Simulator
2835570,Buckshot Roulette
2881650,Content Warning
